{"cameraMode":{"drawMode":0,"name":"Shaded","section":"Shading Mode"},"sceneLighting":true,"audioPlay":false,"sceneViewState":{"m_AlwaysRefresh":false,"showFog":true,"showSkybox":true,"showFlares":true,"showImageEffects":true,"showParticleSystems":true,"showVisualEffectGraphs":true,"m_FxEnabled":true},"in2DMode":false,"pivot":{"x":-0.7157017588615418,"y":-5.032277584075928,"z":14.774849891662598},"rotation":{"x":-0.16599267721176148,"y":0.022775055840611459,"z":-0.0038347665686160328,"w":-0.9858549237251282},"size":9.96821403503418,"orthographic":false}